Merge? (yes / no),name change significant?,Budget Item 1 perma id,Budget Item 2 perma id,Budget Item Type,Budget Item 1 Code,Budget Item 2 Code,Budget Item 1 Name,Budget Item 2 Name,Marked on Date,Budget Item 1 Average Monthly Spent,Budget Item 2 Average Monthly Spent,Budget Item 2 First Month Average Amount
yes,no,e638b243cc6513f90f151d97d212957fbc3eac61,0f329ce7e3969d1ddd4df8ccb9eca0b96ebdfea4,SpendingAgency,04 00,04 00,საქართველოს მთავრობის კანცელარია,საქართველოს მთავრობის ადმინისტრაცია,2015-01-01,"2,093,054","1,816,423",
yes,yes,ef1530d6b92c964394c65b9f9b522aa73beeea5b,d3b2a4c91cfd073f3c87d42e2e81f3e25a881406,SpendingAgency,05 00,05 00,საქართველოს კონტროლის პალატა,სახელმწიფო აუდიტის სამსახური,2013-01-01,"915,419","1,021,531",
yes,no,3bbdce6db2269fcb04eab25171582c9dfeae8ca3,693c54952f8f57934baebf461d75083e2f3a8cca,Program,06 03,06 03,საარჩევნო ინსტიტუციის განვითარების და სამოქალაქო განათლების ხელშეწყობა,საარჩევნო ინსტიტუციის განვითარებისა და სამოქალაქო განათლების ხელშეწყობა,2015-07-01,"75,058","114,674","362,039"
yes,yes,beed14c547a24051905680df7ddfab33a8057fe4,3bbdce6db2269fcb04eab25171582c9dfeae8ca3,Program,06 03,06 03,საარჩევნო სისტემების განვითარება და სისტემისათვის მოხელეთა მომზადება-გადამზადება,საარჩევნო ინსტიტუციის განვითარების და სამოქალაქო განათლების ხელშეწყობა,2013-07-01,"106,443","75,058","530,288"
yes,no,6576d403e32b7c7945d01d43375b561472dcfeb4,33b13790a8de73a7bd3996fb6dbb92cce6c156d3,SpendingAgency,11 00,11 00,"სახელმწიფო რწმუნებულის - გუბერნატორის ადმინისტრაცია აბაშის, ზუგდიდის, მარტვილის, მესტიის, სენაკის, ჩხოროწყუს, წალენჯიხის, ხობის მუნიციპალიტეტებსა და ქალაქ ფოთსა და ქალაქ ზუგდიდის მუნიციპალიტეტებში","სახელმწიფო რწმუნებულის – გუბერნატორის ადმინისტრაცია აბაშის, ზუგდიდის, მარტვილის, მესტიის, სენაკის, ჩხოროწყუს, წალენჯიხის, ხობის მუნიციპალიტეტებსა და ქალაქ ფოთისა და ქალაქ ზუგდიდის მუნიციპალიტეტებში",2016-01-01,"66,858",,
yes,yes,385c64356f991721f200b3e2c70d655ca0da2536,908327a081bda646bd4d7ff8f3b8d713ea84b15b,SpendingAgency,11 00,11 00,"სახელმწიფო რწმუნებულის – გუბერნატორის ადმინისტრაცია აბაშის, ზუგდიდის, მარტვილის, მესტიის, სენაკის, ჩხოროწყუს, წალენჯიხის, ხობის მუნიციპალიტეტებსა და თვითმმართველ ქალაქ ფოთში","სახელმწიფო რწმუნებულის – გუბერნატორის ადმინისტრაცია აბაშის, ზუგდიდის, მარტვილის, მესტიის, სენაკის, ჩხოროწყუს, წალენჯიხის, ხობის მუნიციპალიტეტებში, ქალაქ ფოთისა და ქალაქ ზუგდიდის მუნიციპალიტეტებში",2015-10-01,"92,342","284,363","622,374"
yes,yes,d49c567c73d50a6f8a6352605f123017f92b3054,e299695a4b27a9df7796f5657deff904131b1459,SpendingAgency,12 00,12 00,"სახელმწიფო რწმუნებულის – გუბერნატორის ადმინისტრაცია ლანჩხუთის, ოზურგეთისა და ჩოხატაურის მუნიციპალიტეტებში","სახელმწიფო რწმუნებულის – გუბერნატორის ადმინისტრაცია ლანჩხუთის, ოზურგეთის, ჩოხატაურის მუნიციპალიტეტებსა და ქალაქ ოზურგეთის მუნიციპალიტეტში",2015-10-01,"165,938","106,947","453,407"
yes,yes,47072c0ed5bcc985d6aade72e9ffdd1f73d1a19b,ed2fa9bbe49d66ba0362821e901363433205425a,SpendingAgency,13 00,13 00,"სახელმწიფო რწმუნებულის – გუბერნატორის ადმინისტრაცია ბაღდათის, ვანის, ზესტაფონის, თერჯოლის, სამტრედიის, საჩხერის, ტყიბულის, წყალტუბოს, ჭიათურის, ხარაგაულის, ხონის მუნიციპალიტეტებსა და თვითმმართველ ქალაქ ქუთაისში","სახელმწიფო რწმუნებულის – გუბერნატორის ადმინისტრაცია ბაღდათის, ვანის, ზესტაფონის, თერჯოლის, სამტრედიის, საჩხერის, ტყიბულის, წყალტუბოს, ჭიათურის, ხარაგაულის, ხონის მუნიციპალიტეტებსა და ქალაქ ქუთაისის მუნიციპალიტეტში",2015-10-01,"75,863","128,456","629,474"
yes,yes,1826463afca5338c33290ed3cdc401f0dc6a10da,9033243ca940f4425cc495a809166377d6f898d4,SpendingAgency,14 00,14 00,"სახელმწიფო რწმუნებულის – გუბერნატორის ადმინისტრაცია ახმეტის, გურჯაანის, დედოფლისწყაროს, თელავის, ლაგოდეხის, საგარეჯოს, სიღნაღისა და ყვარლის მუნიციპალიტეტებში","სახელმწიფო რწმუნებულის – გუბერნატორის ადმინისტრაცია ახმეტის, გურჯაანის, დედოფლისწყაროს, თელავის, ლაგოდეხის, საგარეჯოს, სიღნაღის, ყვარლის მუნიციპალიტეტებსა და ქალაქ თელავის მუნიციპალიტეტში",2015-10-01,"69,092","110,863","473,324"
yes,yes,253d2844baec04989a78ecf0c7366ddc5810bb2a,2aa6aa8741bd62fae8a8b6cd4f47dfbc18b1def6,SpendingAgency,15 00,15 00,"სახელმწიფო რწმუნებულის – გუბერნატორის ადმინისტრაცია დუშეთის, თიანეთის, მცხეთისა და ყაზბეგის მუნიციპალიტეტებში","სახელმწიფო რწმუნებულის – გუბერნატორის ადმინისტრაცია დუშეთის, თიანეთის, მცხეთის, ყაზბეგის მუნიციპალიტეტებსა და ქალაქ მცხეთის მუნიციპალიტეტში",2015-10-01,"57,410","98,742","471,687"
yes,yes,a3e3c33751ab92513f97d2eb2ec969d05bbc2e4d,8e121711c06fee911e2be1566eb38166039a7dab,SpendingAgency,16 00,16 00,"სახელმწიფო რწმუნებულის – გუბერნატორის ადმინისტრაცია ამბროლაურის, ლენტეხის, ონისა და ცაგერის მუნიციპალიტეტებში","სახელმწიფო რწმუნებულის – გუბერნატორის ადმინისტრაცია ამბროლაურის, ლენტეხის, ონის, ცაგერის მუნიციპალიტეტებსა და ქალაქ ამბროლაურის მუნიციპალიტეტში",2015-10-01,"57,601","95,043","466,806"
yes,yes,a2e389f7f3b631b93fd101afdd1406537b29bce7,5fa31db58108d47451b4992bb36210982554cead,SpendingAgency,17 00,17 00,"სახელმწიფო რწმუნებულის – გუბერნატორის ადმინისტრაცია ადიგენის, ასპინძის, ახალციხის, ახალქალაქის, ბორჯომისა და ნინოწმინდის მუნიციპალიტეტებში","სახელმწიფო რწმუნებულის – გუბერნატორის ადმინისტრაცია ადიგენის, ასპინძის, ახალციხის, ახალქალაქის, ბორჯომის, ნინოწმინდის მუნიციპალიტეტებსა და ქალაქ ახალციხის მუნიციპალიტეტში",2015-10-01,"56,817","78,784","406,532"
yes,no,542a9d10a91361c8792d95800cffca7a44793798,dd3c7c6161384908f715504cc63013752b9c4b96,SpendingAgency,18 00,18 00,"სახელმწიფო რწმუნებულის – გუბერნატორის ადმინისტრაცია ბოლნისის, გარდაბნის, დმანისის, თეთრი წყაროს, მარნეულის, წალკის მუნიციპალიტეტებსა და თვითმმართველ ქალაქ რუსთავში","სახელმწიფო რწმუნებულის – გუბერნატორის ადმინისტრაცია ბოლნისის, გარდაბნის, დმანისის, თეთრი წყაროს, მარნეულის, წალკის მუნიციპალიტეტებსა და ქალაქ რუსთავის მუნიციპალიტეტში",2015-10-01,"70,819","139,397","674,854"
yes,yes,95166bc3f147def3c67feb655f99e81a35c333c9,fc84d70f0c6bf1282ae9ce7ee54ca3aa8a6fed72,SpendingAgency,19 00,19 00,"სახელმწიფო რწმუნებულის – გუბერნატორის ადმინისტრაცია გორის, კასპის, ქარელისა და ხაშურის მუნიციპალიტეტებში","სახელმწიფო რწმუნებულის – გუბერნატორის ადმინისტრაცია გორის, კასპის, ქარელის, ხაშურის მუნიციპალიტეტებსა და ქალაქ გორის მუნიციპალიტეტში",2015-10-01,"61,428","94,937","434,020"
yes,yes,0a32e78aeb02477ab2eb85442c0ca50e64a8afce,8471adff9f567db54e6f2ea18600dc93c0adb1ce,SpendingAgency,22 00,22 00,რეინტეგრაციის საკითხებში საქართველოს სახელმწიფო მინისტრის აპარატი,შერიგებისა და სამოქალაქო თანასწორობის საკითხებში საქართველოს სახელმწიფო მინისტრის აპარატი,2015-01-01,"112,116","140,656",
yes,yes,e15b6e6d33aa651ebfcc955cf4b7a5014ea3e2dc,1087d3e0daa5bdc50d1a419e1ad318263ff5db49,Program,24 01,24 01,ეკონომიკური პოლიტიკა და სახელმწიფო ქონების მართვა,"ეკონომიკური და სექტორული (ტრანსპორტი,მშენებლობა) პოლიტიკა და მისი განხორციელების კოორდინაცია",2015-01-01,"6,544,470","7,452,865",
yes,no,58a18c11347e567f9c3317c65779e2063db1569b,5772ef37ed95112108ba70e81e9b9fd306e5b0f8,Program,24 01 01,24 01 01,ეკონომიკური პოლიტიკის შემუშავება განხორციელება და სახელმწიფო ქონების პრივატიზება,ეკონომიკური პოლიტიკის შემუშავება და განხორციელება,2013-01-01,"2,143,366","1,236,965",
yes,yes,8baca9e777393a0c548a6c79fc9d76c3c9b22789,cf5ab9eb4849e7b3a5e985b1935c065ade63c7ce,Program,24 01 02,24 01 02,სახელმწიფო საწარმოების მართვა,სახელმწიფო ქონების მართვა,2012-09-01,"9,624,818","4,960,480","82,700,012"
no,no,a1031644b58dc1275c95c18c20f981600cfdf5df,d4fc9743fce13e694cc079563dd484cafd4bd30e,Program,24 01 03,24 01 03,ელექტრონული კომუნიკაციების საინფორმაციო ტექნოლოგიებისა და საფოსტო კავშირის განვითარება,მეწარმეობის განვითარება,2015-01-01,"1,662,591","2,032,063",
yes,no,95b6880d1ca89a96907ec0c773dd3f6f7ab5c265,92481ad3ef2383e3751e61a5461dd7d25cd6735d,Program,24 01 03,40 02,სახელმწიფო ობიექტების მოვლა შენახვა,სახელმწიფო ობიექტების მოვლა შენახვა,2012-12-01,"455,465","651,226","6,106,015"
no,no,95b6880d1ca89a96907ec0c773dd3f6f7ab5c265,a1031644b58dc1275c95c18c20f981600cfdf5df,Program,24 01 03,24 01 03,სახელმწიფო ობიექტების მოვლა შენახვა,ელექტრონული კომუნიკაციების საინფორმაციო ტექნოლოგიებისა და საფოსტო კავშირის განვითარება,2014-01-01,"455,465","1,662,591",
yes,no,27899e5a8a018e60cd9881d50d9679ad2c9fd1b3,9a17b211e51b9f5a08d3bf732183caaaee97d68e,Program,24 06,24 06,"საქართველოს მიერ საერთაშორისო ხელშეკრულებებით ნაკისრი ვალდებულებების ფარგლებში საქართველოს აეროპორტებში ""გათავისუფლებული ფრენების"" მომსახურების ხარჯების ანაზღაურება (მათ შორის, წინა წლებში წარმოქმნილი დავალიანებების დაფარვა)","საქართველოს მიერ საერთაშორისო ხელშეკრულებებით ნაკისრი ვალდებულებების ფარგლებში საქართველოს აეროპორტებში „გათავისუფლებული ფრენების“ მომსახურების ხარჯების ანაზღაურება (მათ შორის, წინა წლებში წარმოქმნილი დავალიანებების დაფარვა)",2015-01-01,"209,013",,
no,yes,091914da54843351b6014edcd7159901578f0be9,0d6ac5275a5447763b8f98a9b372048cba687148,Program,24 08,24 08,სათხილამურო ინფრასტრუქტურის განვითარება ზემო სვანეთში (Government of France),საფრანგეთის სასაქონლო დახმარება (საფრანგეთის მთავრობა),2014-01-01,"4,166,829",,
no,yes,091914da54843351b6014edcd7159901578f0be9,c4cd950437a1fe5ff60aff5b5c92c6204f3beabc,Program,24 08,24 08,სათხილამურო ინფრასტრუქტურის განვითარება ზემო სვანეთში (Government of France),სამეცნიერო კვლევების ხელშეწყობა,2015-01-01,"4,166,829","3,429,166",
yes,no,263f3daf717c5d2c8c7051050d93041aa913597e,091914da54843351b6014edcd7159901578f0be9,Program,24 08,24 08,სათხილამურო ინფრასტრუქტურის განვითარება ზემო სვანეთში საფრანგეთის რესპუბლიკის მთავრობა,სათხილამურო ინფრასტრუქტურის განვითარება ზემო სვანეთში (Government of France),2013-07-01,"2,305,966","4,166,829","4,611,933"
yes,yes,7550fdfa8a3ce254cc348678e456c8db03f2715d,0d57404349c9e26bb23c7f123bbbf7dd7a9326af,Program,26 01,26 01,სამართალშემოქმედებისა და ქვეყნის ინტერესების სამართლებრივი მხარდაჭერის მიზნით სახელმწიფო პოლიტიკის შემუშავება და მართვა,სამართალშემოქმედებისა და ქვეყნის ინტერესების სამართლებრივი მხარდაჭერის მიზნით სახელმწიფო პოლიტიკის შემუშავება და მართვა მათ შორის სისხლის სამართლის სისტემის რეფორმის განხორციელება,2014-01-01,"2,039,852","2,526,486",
yes,no,67758f2b4efdbf9b4f9e4908abadfe410d4018c0,fe63ef0bd6f1fdbfbbc6e7b709f2ddf53240428e,Program,26 03,26 03,"ეროვნული საარქივო ფონდის დაცულობის, მომსახურების თანამედროვე ტექნოლოგიების დანერგვის და დოკუმენტების ხელმისაწვდომობის უზრუნველყოფა","ეროვნული საარქივო ფონდის დაცულობის, მომსახურების თანამედროვე ტექნოლოგიების დანერგვისა და დოკუმენტების ხელმისაწვდომობის უზრუნველყოფა",2012-01-01,"439,816",,
yes,no,b87ac7d349633c55fd7884e03346678438fd3b97,326d419b1b495ae568ca4c559751c17d58ae4229,Program,26 04,26 04,იუსტიციის სამინისტროს სისტემის თანამშრომელთა გადამზადება და სასწავლო ცენტრის განვითარება,საქართველოს იუსტიციის სამინისტროს სისტემის თანამშრომელთა გადამზადება და სასწავლო ცენტრის განვითარება,2015-07-01,"259,762","260,137","1,199,225"
no,yes,9e5958e1ab837939749b154ffdbfeaccabc5f23d,1ee9a6fbe6afca1467173ed3fd8bc62746293ae8,Program,26 09,26 09,ტურისტული საინვესტიციო და ინფრასტრუქტურული პროექტების კოორდინაცია და მონიტორინგი,საჯარო რეესტრის ეროვნული სააგენტოს მომსახურებათა განვითარება და ხელმისაწვდომობა,2014-01-01,"20,027","139,528",
 yes,yes,8712fcaa6012751947c400962988aa2788b542a0,0ff7a67507362d2a61301451749772daa747f34f,SpendingAgency,27 00,27 00,"საქართველოს სასჯელაღსრულების, პრობაციისა და იურიდიული დახმარების საკითხთა სამინისტრო",საქართველოს სასჯელაღსრულებისა და პრობაციის სამინისტრო,2015-01-01,"12,438,446","11,656,904",
yes,yes,76b3bc5d1fbf34168e341718b5589766b45a4cbb,5c3c6726afd8b2fb15ec1a3505978ed2347e475c,Program,27 01,27 01,პენიტენციური სისტემის პოლიტიკის შემუშავება და მართვა,საერთაშორისო სტანდარტების შესაბამისი პენიტენციური სისტემის ჩამოყალიბება,2016-01-01,"510,084","9,886,301",
yes,yes,76b3bc5d1fbf34168e341718b5589766b45a4cbb,9fc006e6c6582c1f58a093bfeaf0c4763109fbeb,Program,27 01,27 01,პენიტენციური სისტემის პოლიტიკის შემუშავება და მართვა,პენიტენციარული სისტემის პოლიტიკის შემუშავება და მართვა,2015-01-01,"510,084",,
yes,yes,5cf7f0b1c4485e4f9ca3d3bfc2ecc56859f7ad13,e5be9017abd6c038aa687c1918a864d813e5aecf,Program,27 01 01,27 01 01,"პენიტენციური სისტემის პოლიტიკის შემუშავება, მართვა და ბრალდებულ/მსჯავრდებულთა ყოფითი პირობების გაუმჯობესება","პენიტენციური სისტემის პოლიტიკის შემუშავება, მართვა და ბრალდებულთა/მსჯავრდებულთა ყოფითი პირობების გაუმჯობესება",2016-01-01,"9,081,872",,
yes,yes,18be9d8261eddba6f1ea1e1df4edca39c106df03,facd1d96b033554b3b1dc150015349e4dda3cc78,Program,27 02,27 02,სისხლის სამართლის სისტემის რეფორმა,სრულყოფილი პრობაციის სისტემა,2016-01-01,"10,876,812","607,853",
no,no,8f7648243560f97620a9f5a30f1c0494e96124d5,440ae8f739cf5a9ff43c2c2eb28c68e865d7c201,Program,27 02 01,27 02 01,საერთაშორისო სტანდარტების შესაბამისი პენიტენციური სისტემის ჩამოყალიბება,საერთაშორისო სტანდარტების შესაბამისი პატიმრობისა და თავისუფლების აღკვეთის აღსრულების სისტემის ჩამოყალიბება,2014-01-01,"11,778,477","10,062,105",
no,no,8f7648243560f97620a9f5a30f1c0494e96124d5,5c3c6726afd8b2fb15ec1a3505978ed2347e475c,Program,27 02 01,27 01,საერთაშორისო სტანდარტების შესაბამისი პენიტენციური სისტემის ჩამოყალიბება,საერთაშორისო სტანდარტების შესაბამისი პენიტენციური სისტემის ჩამოყალიბება,2016-01-01,"11,778,477","9,886,301",
no,no,1fb57aca77c3d40a00cf6288385219f99459a3cc,d742ba42860482c2582c6d11473575faf732287c,Program,27 02 02,27 02 02,პრობაციის სრულყოფილი სისტემის ჩამოყალიბება,სრულყოფილი პრობაციის სისტემა,2014-01-01,"341,385","642,241",
no,no,d742ba42860482c2582c6d11473575faf732287c,facd1d96b033554b3b1dc150015349e4dda3cc78,Program,27 02 02,27 02,სრულყოფილი პრობაციის სისტემა,სრულყოფილი პრობაციის სისტემა,2016-01-01,"642,241","607,853",
yes,yes,90ed3d35a38dd488313fdb831dae04932a70b011,38c93f04cc9fbf0dadcfcfdca6638116c9ed7b1a,Program,27 03,27 03,პენიტენციური სისტემისათვის კვალიფიციური კადრების მომზადება,სასჯელაღსრულებისა და პრობაციის სისტემისათვის თანამშრომელთა მომზადება და პროფესიული განვითარება,2014-01-01,"126,070","90,694",
yes,no,38c93f04cc9fbf0dadcfcfdca6638116c9ed7b1a,47e64af3eee6108d28de24cfa3e678d91bd63731,Program,27 03,27 03,სასჯელაღსრულებისა და პრობაციის სისტემისათვის თანამშრომელთა მომზადება და პროფესიული განვითარება,სასჯელაღსრულებისა და პრობაციის სისტემის თანამშრომელთა მომზადება და პროფესიული განვითარება,2015-07-01,"90,694","175,093","604,112"
yes,no,436edeb3ae192e6e436099282a4a7fecf07bdbf4,8e04130f2ea35b6c62379b6895c49458d091a0f5,Program,27 04,27 01 02,ბრალდებულთა და მსჯავრდებულთა ეკვივალენტური სამედიცინო მომსახურებით უზრუნველყოფა,ბრალდებულთა და მსჯავრდებულთა ეკვივალენტური სამედიცინო მომსახურებით უზრუნველყოფა,2016-01-01,"1,990,343","270,152",
yes,no,c04b0f654d95e8d7f4ac98cf31af84d76df216d0,436edeb3ae192e6e436099282a4a7fecf07bdbf4,Program,27 04,27 04,ბრალდებულთა და მსჯავრდებულთა უზრუნველყოფა ეკვივალენტური სამედიცინო მომსახურებით,ბრალდებულთა და მსჯავრდებულთა ეკვივალენტური სამედიცინო მომსახურებით უზრუნველყოფა,2015-07-01,"1,036,326","1,990,343","6,405,509"
yes,yes,286247fd444682b2a3669e4d489971d601425d44,c04b0f654d95e8d7f4ac98cf31af84d76df216d0,Program,27 04,27 04,ჯანმრთელობის დაცვის ხელშეწყობა პატიმრობისა და თავისუფლების აღკვეთის დაწესებულებებში,ბრალდებულთა და მსჯავრდებულთა უზრუნველყოფა ეკვივალენტური სამედიცინო მომსახურებით,2014-01-01,"789,352","1,036,326",
yes,no,2e0088084207ded51b826550a4a01f7a68c7a13c,d8b858ae30c7b3765e34f2213a167e84b84611ed,Program,28 01 03,28 01 03,საერთაშორისო ხელშეკრულებების და სხვა დოკუმენტების თარგმნა და დამოწმება,საერთაშორისო ხელშეკრულებებისა და სხვა დოკუმენტების თარგმნა და დამოწმება,2012-01-01,"8,538",,
yes,yes,6c618d09f87b1daeab77d8f8972e8981a52d573d,a4d20c63b4ee5153ce24be17328475b4fbdec078,Program,29 01,29 01,შეიარაღებული ძალების მზადყოფნის შენარჩუნება და ამაღლება,შეიარაღებული ძალების საბრძოლო მზადყოფნის შენარჩუნების მხარდაჭერა და შესაძლებლობების განვითარება,2016-01-01,"50,927,452","41,193,412",
yes,yes,d5599d1def54fcf5c4e40ac4ce686681620e6384,1e1c87091cc075c99ecc94c1bc37b52e3e35773d,Program,29 02,29 02,სამხედრო განათლების განვითარება,სამხედრო წვრთნა და განათლება,2016-01-01,"1,481,900","1,640,791",
yes,no,dc4c877ec1af765c9898984e710bfe25dc661a64,116b59e3ae2d1eb52fd198c1783fe76acd66f6d2,Program,29 03,29 03,საქართველოს თავდაცვის სამინისტროს პერსონალის ჯანმრთელობის დაცვა და სოციალური უზრუნველყოფა,სოციალური და სამედიცინო უზრუნველყოფა,2016-01-01,"742,725","3,817,930",
yes,no,ab81d130e9a8462565fee8d0e1e82aa5c2e4a3e4,e0aa0dd0f45de4ef129412623b45806aea17dda8,Program,29 04,29 04,თავდაცვის სფეროში სამეცნიერო კვლევების ხელშეწყობა,თავდაცის სფეროში სამეცნიერო კვლევების ხელშეწყობა,2013-01-01,"3,289,834","4,223,767",
no,yes,0329d4e6d58560ac7feb8094fa1d1035e3894bbf,772de9a6038786fb2541b2c7d26efe87d042c1bc,Program,29 04,29 04,კიბერუსაფრთხოების უზრუნველყოფა,"მართვის, კონტროლის, კავშირგაბმულობის და კომპიუტერული სისტემები",2016-01-01,"107,718","199,349",
yes,yes,9cb407c2746cd6a9a06c299dbbc07093625567f1,334fe039b0ffaa7766fe05be1e77740fdee52026,Program,30 01,30 01,საზოგადოებრივი წესრიგისა და სახელმწიფო საზღვრის დაცვა,საზოგადოებრივი წესრიგი სახელმწიფო საზღვრის დაცვა და საერთაშორისო თანამშრომლობის განვითარება გაღრმავება,2013-01-01,"46,647,020","46,166,301",
yes,yes,46a295dff610c7ec511b250fc0bcd217e78fd10f,a33bd989b7f5759da16839a11bcb0562f9a9f7f4,Program,30 02,30 02,ეროვნული საგანძურისა და დიპლომატიური წარმომადგენლობების დაცვის უსაფრთხოების დონის ამაღლება,"ეროვნული საგანძურის, დიპლომატიური წარმომადგენლობებისა და საპატრიარქოს დაცვის უსაფრთხოების დონის ამაღლება",2016-01-01,"1,044,092","791,949",
yes,yes,483be60afda629698004f566389072eafbe1ec1e,b10cd160541e2d00c7e1915f80f740c60e80aec3,Program,30 03,30 03,სამართალდამცავი სტრუქტურებისათვის მაღალკვალიფიციური კადრების მომზადება გადამზადება და სასწავლო პროცესის ხელშეწყობა,სამართალდამცავი სტრუქტურებისათვის მაღალკვალიფიციური კადრების მომზადება გადამზადება საარქივო ფონდების დიგიტალიზაცია სამეცნიერო კვლევითი საქმიანობა და მოქალაქეთა მომსახურება,2013-01-01,"452,390","501,781",
yes,yes,b10cd160541e2d00c7e1915f80f740c60e80aec3,afc0aafd49bb6c84707af9f54a39b3e3a4b2da8f,Program,30 03,30 03,"სამართალდამცავი სტრუქტურებისათვის მაღალკვალიფიციური კადრების მომზადება, გადამზადება, საარქივო ფონდების დიგიტალიზაცია, სამეცნიერო-კვლევითი საქმიანობა და მოქალაქეთა მომსახურება",სამართალდამცავი სტრუქტურებისათვის მაღალკვალიციფიური კადრების მომზადება–გადამზადება და სასწავლო პროცესის ხელშეწყობა,2015-01-01,"501,781","589,818",
yes,no,48bd95f85a2d94d9d78a492937ab4584cb1e2075,e941018fe1537c4be184e2283d36badf60c4dad9,Program,30 04,30 04,საქართველოს შინაგან საქმეთა სამინისტროს სისტემის მოსამსახურეთა ჯანმრთელობის დაცვის მომსახურეობით უზრუნველყოფა,შინაგან საქმეთა სამინისტროს სისტემის მოსამსახურეთა ჯანმრთელობის დაცვის მომსახურებით უზრუნველყოფა,2016-01-01,"861,652","492,308",
yes,no,1d8d29d5fb649fc17049977d697862acefe88647,48bd95f85a2d94d9d78a492937ab4584cb1e2075,Program,30 04,30 04,შინაგან საქმეთა სამინისტროს სისტემის მოსამსახურეთა ჯანმრთელობის დაცვის მომსახურეობით უზრუნველყოფა,საქართველოს შინაგან საქმეთა სამინისტროს სისტემის მოსამსახურეთა ჯანმრთელობის დაცვის მომსახურეობით უზრუნველყოფა,2015-07-01,"388,090","861,652","2,604,707"
yes,no,1d8d29d5fb649fc17049977d697862acefe88647,9a545698e8d510b9ccb3481b06aa2bfccb35f8c9,Program,30 04,30 04,შინაგან საქმეთა სამინისტროს სისტემის მოსამსახურეთა ჯანმრთელობის დაცვის მომსახურეობით უზრუნველყოფა,საქართველოს შინაგან საქმეთა სამინისტროს სისტემის მოსამსახურეთა ჯანმრთელობის დაცვის მომსახურებით უზრუნველყოფა,2013-01-01,"388,090",,
yes,yes,2babefd27322a1b58f61e218c5c5103838294711,3501751836eee457ea9185522142452a1b69687e,Program,32 02 04,32 02 04,განსაკუთრებით ნიჭიერი ახალგაზრდების წახალისება,წარმატებულ მოსწავლეთა წახალისება,2015-01-01,"89,768","59,132",
yes,yes,6d43c6c42e0998b793fffe9e78cf5d6754496621,f9d608cca15fcf18a6132f477d10f312f939a51a,Program,32 02 06,32 02 06,მოსწავლეების სახელმძღვანელოებით უზრუნველყოფა,სიღარიბის ზღვრის ქვემოთ მყოფი მოსწავლეების სახელმძღვანელოებით უზრუნველყოფა,2012-01-01,"1,352,517",,
yes,no,f5610622769f2d52e40a1f92e7dd977c00f2efb2,919e00ea46923e21a042ff0c7106fd8346393366,Program,32 02 07,32 02 07,ინგლისური ენის გაძლიერება,ინგლისური ენის სწავლების გაძლიერება,2013-01-01,"90,565","90,399",
yes,yes,919e00ea46923e21a042ff0c7106fd8346393366,e60e65047f9779a8f37f979d68c33fa13327f01e,Program,32 02 07,32 02 07,ინგლისური ენის სწავლების გაძლიერება,საზაფხულო სკოლები,2014-01-01,"90,399","87,580",
yes,no,6a8dd4cabf2c882f6f966bc5bb6aaf745e4cc52a,183e876fe8bb161c15cefc34d9d651f1d2b04d21,Program,32 02 09,32 02 09,სასჯელაღსრულების დაწესებულებებში განათლების მიღების ხელმისაწვდომობის პროგრამა,ბრალდებული და მსჯავრდებული პირებისათვის განათლების მიღების ხელმისაწვდომობა,2015-01-01,"18,016","23,744",
yes,no,6a8dd4cabf2c882f6f966bc5bb6aaf745e4cc52a,f8d050e9555df749ecc29093af7a2fb6c0b915d9,Program,32 02 09,32 02 09,სასჯელაღსრულების დაწესებულებებში განათლების მიღების ხელმისაწვდომობის პროგრამა,სასჯელაღსრულების დაწესებულებებში განათლების მიღების ხელშეწყობის პროგრამა,2012-01-01,"18,016",,
yes,no,39f0a159ea0aefadde69d9833ed8d7bf036b40c2,4abb47aa2cd229cfcd1f68f1fbcb889213ed08cb,Program,32 02 10,32 02 10,ეროვნული სასწავლო გეგმების დანერგვა და მონიტორინგი,ეროვნული სასწავლო გეგმების დანერგვა და მონიტორინგი - საქართველოს განათლებისა და მეცნიერების სამინისტრო,2015-01-01,"22,398","16,427",
yes,yes,bd858d359269630f7c1de1999ee693bb21d2c8c2,67ff4c1c91cd406b65f470e9799e174f1513e9f5,Program,32 02 11,32 02 11,ზოგადი განათლების ხელშეწყობის პროგრამები,საჯარო სკოლის მოსწავლეების ტრანსპორტით უზრუნველყოფა,2015-01-01,"953,008","1,498,173",
yes,no,2de1c59755b3fc8103b9f63173797937d69a1048,be2ed277aa4ddd13f9f9de563ccd57732b5d8a10,Program,32 03 01,32 03 01,პროფესიული განათლების ხელმისაწვდომობის და ხარისხის გაუმჯობესება,პროფესიული განათლების ხელმისაწვდომობისა და ხარისხის გაუმჯობესება,2012-01-01,"1,172,707",,
yes,no,2de1c59755b3fc8103b9f63173797937d69a1048,e0a92afabca4ed7789cbb3fcf4175f060efc3a4f,Program,32 03 01,32 03 01,პროფესიული განათლების ხელმისაწვდომობის და ხარისხის გაუმჯობესება,პროფესიული განათლების განვითარების ხელშეწყობა,2016-01-01,"1,172,707","1,431,968",
yes,yes,916d668d5d639e5b1df895f24d6a2126d1cc4364,985eff68fe4895610031725c438bfb64f149ec48,Program,32 04,32 04,უმაღლესი საგანმანათლებლო და სამეცნიერო კვლევების პროგრამა,უმაღლესი განათლება,2016-01-01,"10,877,713","7,880,275",
yes,no,1107885c9884d2b5d3325cd9a69412ff9d21c159,11433e01fb4408791acc881b57d66a6d9f41f224,Program,32 04 02,32 05,მეცნიერებისა და სამეცნიერო კვლევების ხელშეწყობა,მეცნიერებისა და სამეცნიერო კვლევების ხელშეწყობა,2016-01-01,"2,873,061","4,232,069",
yes,no,bb57e07bd3020c45c6918bdf4a497414f9173eb4,896787ff5a8c10bec044335f4d327090146cc3ba,Program,32 04 02 01,32 05 01,სამეცნიერო გრანტების გაცემისა და სამეცნიერო კვლევების ხელშეწყობა,სამეცნიერო გრანტების გაცემისა და სამეცნიერო კვლევების ხელშეწყობა,2016-01-01,"1,889,466","1,798,680",
yes,no,14cbb03ce330df1c503a8fcc2ed697f56186d15f,36c79288d797de277e01568aa082a57a95569621,Program,32 04 02 02,32 05 02,სამეცნიერო დაწესებულებების პროგრამები,სამეცნიერო დაწესებულებების პროგრამები,2016-01-01,"196,356","421,106",
yes,no,1945a1eb6c873ea109eed15a8a502a89a21d6a68,d764dc747d6c2316a6451560fdd4dcc3c9273ec5,Program,32 04 02 03,32 05 03,მეცნიერებათა ეროვნული აკადემიის პროგრამების ხელშეწყობა,მეცნიერებათა ეროვნული აკადემიის პროგრამების ხელშეწყობა,2016-01-01,"312,133","326,646",
yes,no,87fae5b18e7fae153be47ecfb7efb0c86694bc7f,a17d40410eccf2f1a4839144d1b4fe726d4b2ed6,Program,32 04 02 04,32 05 04,სოფლის მეურნეობის დარგში მეცნიერთა ხელშეწყობა,სოფლის მეურნეობის დარგში მეცნიერთა ხელშეწყობა,2016-01-01,"60,878","94,035",
yes,no,ec6c5825f6c251fa3d790df3c100933c726157f7,9c440a07fcbe4ade874782a6e540c1425406b8b8,Program,32 04 02 05,32 05 05,მეცნიერების აღდგენა და განვითარება,მეცნიერების აღდგენა და განვითარება,2016-01-01,,"1,856,867",
no,yes,6fa4886cf2e7370eba82de78a6526547677ad1cd,aa24202bae210e9d351d2581b8d5a406718975dd,Program,32 04 03,32 04 03,სახელმწიფო სასწავლო სამაგისტრო გრანტები დოქტორანტურის პროგრამები და ახალგაზრდების წახალისება,უმაღლესი განათლების ხარისხის განვითარების ხელშეწყობა,2016-01-01,"5,831,963",,
yes,no,9c68dcfa7bb872f8e534249d800b0301c63063ea,1945a1eb6c873ea109eed15a8a502a89a21d6a68,Program,32 04 03 03,32 04 03 03,მეცნიერთა ხელშეწყობა,მეცნიერებათა ეროვნული აკადემიის პროგრამების ხელშეწყობა,2013-01-01,"258,288","312,133",
yes,yes,365a8e4019185ca7f4932f0efb19297be06bc655,0990c3c9e4694577443eae7835943e988feae1ca,Program,32 04 04,32 04 04,უმაღლესი განათლებისა და სამეცნიერო-კვევითი პროექტების ხელშეწყობა,უმაღლესი განათლების ხელშეწყობა,2016-01-01,"14,682","25,300",
yes,no,365a8e4019185ca7f4932f0efb19297be06bc655,993ad8ae57c460c78926a4ede9638993ece99d5e,Program,32 04 04,32 04 04,უმაღლესი განათლებისა და სამეცნიერო-კვევითი პროექტების ხელშეწყობა,უმაღლესი განათლებისა და სამეცნიერო-კვლევითი პროექტების ხელშეწყობა,2015-01-01,"14,682",,
yes,no,4689988b99ddd559a13a8fcc86596c2b378d5d3b,884677d3eb596666ce7c8342a465aa64f00d84af,Program,32 05,32 05,საგანმანათლებლო დაწესებულებათა ინფრასტრუქტურის განვითარება,საგანმანათლებლო და სამეცნიერო დაწესებულებათა ინფრასტრუქტურის განვითარება,2015-01-01,"7,985,849","7,812,487",
yes,no,df85c74f8623c707aca13849d5be7a196b779715,185f6f4899d84e3157578930f3120dc43d375972,Program,32 05 01,32 05 01,ზოგადსაგანმანათლებლო დაწესებულებებისა და მოსწავლეების ინფორმაციულ საკომუნიკაციო ტექნოლოგიებით უზრუნველყოფა,საგანმანათლებლო დაწესებულებებისა და მოსწავლეების/სტუდენტების ინფორმაციულ-საკომუნიკაციო ტექნოლოგიებით უზრუნველყოფა,2013-01-01,"3,166,457","2,024,257",
no,no,e09fbb26c33de92f7e1ac5c5140e23137211ec0c,091708519eca7c1ddfc321676965fdf1dc5aef55,Program,32 05 02,32 06 02 05,საგანმანათლებლო დაწესებულებათა ინფრასტრუქტურის რეაბილიტაცია,საგანმანათლებლო დაწესებულებათა ინფრასტრუქტურის რეაბილიტაცია,2016-01-01,"5,674,862",,
no,no,e09fbb26c33de92f7e1ac5c5140e23137211ec0c,f711c572d2c8bf3cd72f9119b6ee674af1d6e9e4,Program,32 05 02,32 05 02,საგანმანათლებლო დაწესებულებათა ინფრასტრუქტურის რეაბილიტაცია,საგანმანათლებლო და სამეცნიერო დაწესებულებათა ინფრასტრუქტურის განვითარება,2015-01-01,"5,674,862","5,610,118",
yes,no,444f925168d94d8f514a6e5fe0134457842297d5,a8039967276665510624fc531cfac28c04500805,Program,32 05 02 02,32 05 02 02,პროფესიული საგანანმანათლებლო დაწესებულებების ინფრასტრუქტურის განვითარება,პროფესიული საგანმანათლებლო დაწესებულებების ინფრასტრუქტურის განვითარება,2015-01-01,"1,168,167",,
yes,yes,c2e302593e487004b4393dcf4e565385352980de,14f9836c277d56df073456c4950ae5bbaceb6398,Program,32 05 02 03,32 05 02 03,უმაღლესი და სამეცნიერო დაწესებულებების ინფრასტრუქტურის განვითარება,უმაღლესი საგანმანათლებლო და სამეცნიერო დაწესებულებების ინფრასტრუქტურის განვითარება,2015-01-01,"1,098,745",,
yes,no,8b16b2adbc8bcc893b50cca9f1529d5f7ff63063,1f4912260e3e881f80443352298eba0c703f4bc5,Program,32 05 02 04,32 06 02 04,სამინისტროს სისტემაში შემავალი საჯარო სამართლის იურიდიული პირებისა და ტერიტორიული ორგანოების ინფრასტრუქტურის განვითარება,განათლებისა და მეცნიერების სამინისტროს სისტემაში შემავალი საჯარო სამართლის იურიდიული პირებისა და ტერიტორიული ორგანოების ინფრასტრუქტურის განვითარება,2016-01-01,"49,068",,
yes,no,51a6970174cbd153a35049c269c62a3989f18f17,22807c46810014b3936ebee9c146e79abd668916,Program,33 01,33 01,საქართველოს კულტურისა და ძეგლთა დაცვის სფეროში პოლიტიკის შემუშავება და პროგრამების მართვა,კულტურისა და ძეგლთა დაცვის სფეროში პოლიტიკის შემუშავება და პროგრამების მართვა,2015-07-01,"402,729","657,709","2,927,351"
yes,no,c0a0a7a420e1d618f8c60d3870cc4492e3913833,2318eb86ce7f6a977360e3eb2a1db0bcf25605c7,Program,33 02,33 02,ხელოვნების დარგების განვითარების ხელშეწყობა და პოპულარიზაცია საქართველოში და მისი ფარგლებს გარეთ,ხელოვნების დარგების განვითარების ხელშეწყობა და პოპულარიზაცია საქართველოში და მისი ფარგლების გარეთ,2012-01-01,"4,702,956",,
yes,no,9c5a4435f2cce99c8bf478a7408ee15c458a83e7,d1bafe1a435f31b9b7b0f7e0e736688b40c07d17,Program,33 05,33 05,კულტურის სფეროს მდგრადობის უზრუნველყოფის და ფინანსური ძლიერების პროგრამა,კულტურის სფეროს მდგრადობის უზრუნველყოფისა და ფინანსური ძლიერების პროგრამა,2014-01-01,"203,005",,
yes,no,8c93cf1f14a94de233c900995cb09446905b5095,002a41baa95ed5a0eadb997f34368a205b029ffc,Program,34 02,34 02,ორგანიზებულად ჩასახლების ადგილებში დევნილთა შენახვა და მათი საცხოვრებელი პირობების გაუმჯობესება,განსახლების ადგილებში დევნილთა შენახვა და მათი საცხოვრებელი პირობების გაუმჯობესება,2012-06-01,"1,718,837","4,397,862","10,188,868"
yes,no,32d7c0aea48d42e8b51ba7185c66b06cc33bd3e5,73bb8ccd370c16974f710f8d57ee77f8ba3735fb,Program,35 01 05,35 01 05,სახელმწიფო ზრუნვის ადამიანით ვაჭრობის ტრეფიკინგის მსხვერპლთა დაცვა და დახმარების პროგრამა,"სახელმწიფო ზრუნვის, ადამიანით ვაჭრობის (ტრეფიკინგის) მსხვერპლთა დაცვისა და დახმარების პროგრამა",2013-01-01,"549,614",,
yes,yes,22ffee65a8bfd4f0c6031209e48495a7e014e982,32d7c0aea48d42e8b51ba7185c66b06cc33bd3e5,Program,35 01 05,35 01 05,სახელმწიფო ზრუნვის პროგრამა,სახელმწიფო ზრუნვის ადამიანით ვაჭრობის ტრეფიკინგის მსხვერპლთა დაცვა და დახმარების პროგრამა,2013-01-01,"686,333","549,614",
no,yes,06aa663dac39501483cc17ddfa4c9c942e9f59a1,9eac9da155425185bf316c4a45f1a0f598063d2d,Program,35 01 06,35 01 06,ადამიანით ვაჭრობის ტრეფიკინგის მსხვერპლთა დაცვა და დახმარება,სამედიცინო მედიაციის პროგრამა,2013-01-01,"69,546","31,823",
yes,no,6aeb476ae09e558a37b954c1e813469c3b46920e,d0098d52718ca92815d8186bc8cfd83fd49216be,Program,35 01 07,35 01 07,ნარკომანიით დაავადებულ პირთა რეაბილიტაციის ხელშეწყობის პროგრამა,ნარკომანიისა და ფსიქიკური ჯანმრთელობის პოლიტიკისა და პროგრამების მართვის პროგრამა,2015-01-01,"20,640","2,593",
yes,no,bec584cd814f7d4f0b71379472572effef80cffd,ecb2005e00f448a31bce68f002d7c20ece8af0f7,Program,35 01 08,35 01 08,სასწრაფო სამედიცინო დახმარების პროგრამა,სასწრაფო სამედიცინო დახმარების მართვის პროგრამა,2015-01-01,"99,054","131,388",
yes,yes,0f7d88b1b3d1159153784b326a02e8ef193442e7,43f4db57f67683408581179be3a09d248e627f99,Program,35 02,35 02,სოციალური დაცვა და საპენსიო უზრუნველყოფა,მოსახლეობის სოციალური დაცვა,2016-01-01,"146,720,244","180,445,203",
yes,no,21581fddb5eb2c38013575d1d1e897062439e1fb,540720e93a2301f20f073eaae500433eb89e8584,Program,35 02 01,35 02 01,საპენსიო უზრუნველყოფა,მოსახლეობის საპენსიო უზრუნველყოფა,2016-01-01,"103,146,864","125,062,768",
yes,yes,64c3983869051b391d23a84367ec0ea4b8bc1225,51dcdfd63cb3666aea872c4e7fa93b66099fb101,Program,35 02 02,35 02 02,სოციალური დახმარებები,მოსახლეობის მიზნობრივი ჯგუფების სოციალური დახმარება,2016-01-01,"41,327,293","53,681,710",
yes,yes,3feef3ab277d74a676007bb9b9846e902d63c839,06dd857a41ab26336a07ba806c88a045908984a2,Program,35 03,35 03,ჯანმრთელობის დაცვის პროგრამა,მოსახლეობის ჯანმრთელობის დაცვა,2016-01-01,"44,732,392","74,820,113",
yes,no,3f2a33870b024bc8050661d24a8ac2765f57c13f,7ef7028c7080fc445fe4e95eb324af564d0652ba,Program,35 03 02 03,35 03 02 03,ეპიდზედამხედველობის პროგრამა,ეპიდზედამხედველობა,2016-01-01,"65,938","148,179",
yes,no,a8c5ba4c155b8c2b71baea3b0b86cf54e98c1c28,dc1e9a097bc09e3882b3c77256185a76cb076651,Program,35 03 02 08,35 03 02 08,აივ ინფექცია/შიდსი,აივ ინფექცია/შიდსის მართვა,2016-01-01,"674,150","1,313,552",
yes,yes,67fd08fca15b8e2e35dca96da18700bdd4439aa3,d431844a3d374b4bdd7dab833a39cb59035ab250,Program,35 03 02 10,35 03 02 10,ნარკომანია,ნარკომანიით დაავადებულ პაციენტთა მკურნალობა,2016-01-01,"318,347","436,502",
yes,no,7f81abb3341828f26902d51d049a61b8e87371b8,1e89aaaa1b194ba239bc0e1303ece3d5ce359b8a,Program,35 03 02 11,35 03 02 11,ჯანმრთელობის ხელშეწყობის პროგრამა,ჯანმრთელობის ხელშეწყობა,2016-01-01,"47,942","8,500",
yes,yes,a3c62d2d389f5940464c86827498056118aa252c,b5d107cd7d49d9bc3da9e71ea6ae82db4454a739,Program,35 03 03 17,35 03 03 17,3 წლამდე ასაკის ბავშვთა გადაუდებელი და სტაციონარული დახმარება,წლამდე ასაკის ბავშვთა გადაუდებელი და სტაციონარული დახმარება,2012-03-01,"809,245","1,019,582","3,028,981"
no,,246af7df1bb23088569abc0db3676074cf5240d3,40d6000e63edd7fa99bc4a5fbae524706a32f842,Program,35 03 05,35 03 05,პროგრამების შესაძლო დეფიციტის დაფინანსება,მოსახლეობის საყოველთაო ჯანმრთელობის დაცვა,2013-04-01,,"34,298,135","17,481"
yes,yes,25913414c2e9fbca0fae2552a39962a6f096399b,962099e3f31e01145a472eee403a603721c89cc7,Program,35 05,35 05,შრომის პირობების მონიტორინგის პროგრამა,შრომისა და დასაქმების სისტემის რეფორმების პროგრამა,2015-01-01,,"62,114",
yes,no,f688818150e48aa4aabe35d73646a1fbbedfe21b,1997ca6e942b1284855ea5459328636082c1ffdf,SpendingAgency,36 00,36 00,საქართველოს ენერგეტიკისა და ბუნებრივი რესურსების სამინისტრო,საქართველოს ენერგეტიკის სამინისტრო,2014-01-01,"18,136,130","14,264,831",
yes,no,3bb2c763e3636df2a5fd86f74a4640fa47057bc9,5de80ed869801f112b3afab2665e35b282c902cc,Program,36 01,36 01,ენერგეტიკისა და ბუნებრივი რესურსების სფეროში პოლიტიკის შემუშავება და მართვა,ენერგეტიკის სფეროში პოლიტიკის შემუშავება და მართვა,2013-01-01,"325,895","2,037,695",
yes,no,393f26fdc781e16878a3e3908c6e8bb51cd4ee6e,418eb29272ab26d95f5591648182a7d0f49b20fa,Program,36 01 01,36 01 01,ენერგეტიკის სფეროში პოლიტიკის გატარება,ენერგეტიკის სფეროში პოლიტიკის განხორციელება,2015-07-01,"657,024","945,329","4,678,750"
no,yes,9358378a7e3dfad9bbdd004c5e1c3fa2f2d9e4f3,3ec5146a2cfb8f790a2301e5cbf2ed76355f17ce,Program,36 01 02,36 01 02,სსიპ-ნავთობისა და გაზის სახელმწიფო სააგენტო,მოსახლეობის ელექტროენერგიითა და ბუნებრივი აირით მომარაგების გაუმჯობესება,2015-01-01,"53,764","2,202,807",
no,no,3dc32893143bfce8946d66ebf6764825ac37b317,b6573c8dc5e622fd4b0c783db6b8b61784c3e37c,Program,36 01 03,36 01 03,"მოსახლეობის ელექტროენერგიითა და ბუნებრივი აირით მომარაგების გაუმჯობესება, ელექტროგადამცემი ხაზებისა და გამანაწილებელი ინფრასტრუქტურის მშენებლობა",ყაზბეგის მუნიციპალიტეტისა და დუშეთის მუნიციპალიტეტის მაღალმთიანი სოფლების მოსახლეობისათვის მიწოდებული ბუნებრივი აირის ღირებულების ანაზღაურების ღონისძიება,2015-01-01,"413,717","412,688",
no,no,ed13e8ba692a196655617c9e955cb419846ff291,b6573c8dc5e622fd4b0c783db6b8b61784c3e37c,Program,36 02,36 01 03,ყაზბეგის მუნიციპალიტეტისა და დუშეთის მუნიციპალიტეტის მაღალმთიანი სოფლების მოსახლეობისათვის მიწოდებული ბუნებრივი აირის ღირებულების ანაზღაურების ღონისძიება,ყაზბეგის მუნიციპალიტეტისა და დუშეთის მუნიციპალიტეტის მაღალმთიანი სოფლების მოსახლეობისათვის მიწოდებული ბუნებრივი აირის ღირებულების ანაზღაურების ღონისძიება,2015-01-01,"318,996","412,688",
yes,no,dcae8405b9361104e12de82aef1a192e81716be9,b52c6f360cf31c8a2904a91c76d3ea2eb49abf17,Program,36 02 03,36 04,სასისტემო მნიშვნელობის ელექტროგადამცემი ქსელის განვითარება,სასისტემო მნიშვნელობის ელექტროგადამცემი ქსელის განვითარება,2013-01-01,"16,210,979","7,352,307",
yes,yes,470391ea819c983d16ced45ecd54f1d42bc570c6,be3c5e3191541c27842a2f55486e5ca5c1876397,Program,36 03 02,36 03 02,"ვარდნილისა და ენგურის ჰიდროელექტროსადგურების რეაბილიტაციის პროექტი (EIB, EC)","ვარდნილისა და ენგურის ჰიდროელექტროსადგურების რეაბილიტაციის პროექტი (EIB,EU)",2013-07-01,"302,683","1,606,361","2,230,960"
yes,no,8a2c9aba4df9b98472091a97994096206d7f0947,bd18808e5faf8e25d7075793e7c807c9d9e72146,Program,36 04 01,36 04 01,"შავი ზღვის ელექტროგადამცემი ქსელის პროექტი (KfW, EIB, EBRD)","შავი ზღვის ელექტროგადამცემი ქსელის პროექტი (EBRD,EIB,KfW)",2013-07-01,"16,051,641","11,901,527","64,206,567"
yes,no,5f5ac041d274fc0c575d3492f915abce3422ccbd,3c4470926b1ab16e296273f20e3af6ca1f10a730,Program,36 04 02,36 04 02,"კვ ქ ს ის ჯვარი და შესაბამისი ხაზების მშენებლობა გერმანიის რეკონსტრუქციის საკრედიტო ბანკი EC, ევროპის რეკონსტრუქციისა და განვითარების ბანკი","500-220კვ ქ/ს-ის ""ჯვარი"" და შესაბამისი ხაზების მშენებლობა (გერმანიის რეკონსტრუქციის საკრედიტო ბანკი, EC, ევროპის რეკონსტრუქციისა და განვითარების ბანკი)",2014-05-01,"53,430","1,880,404","53,430"
yes,no,133495075fcf2222628a9af30d84434f87efd05d,cd5f9809b1f9a7f65a8af3e1a9d0257f8f758228,Program,36 04 03,36 04 03,კვ ახალციხე ბათუმი ხაზის მშენებლობა მსოფლიო ბანკი,"220კვ ""ახალციხე-ბათუმი"" ხაზის მშენებლობა (მსოფლიო ბანკი)",2014-05-01,,"279,945",
no,no,7c869d123a90c9018cb5bbbc363f6319ba122630,d9ed5de7c387815ba95604b09d88291eabc3bb2b,Program,37 01 06,37 01 06,სოფლის მეურნეობის დარგში სამეცნიერო კვლევითი ღონისძიებების განხორციელება,სოფლის მეურნეობის პროექტების მართვა,2015-01-01,"344,998","616,803",
no,no,7c869d123a90c9018cb5bbbc363f6319ba122630,f2e16ebcd8ec307bf266a1d211614c98b277ec0a,Program,37 01 06,37 04,სოფლის მეურნეობის დარგში სამეცნიერო კვლევითი ღონისძიებების განხორციელება,სოფლის მეურნეობის დარგში სამეცნიერო-კვლევითი ღონისძიებების განხორციელება,2015-01-01,"344,998","683,226",
no,,992723f9e86b1a6ca294e2cd96e8087e8d75ffe7,9a1887b7ef6a9fc985b9271d56ad81103ffea6c5,Program,37 01 09,37 01 09,აგროსექტორის განვითარება/ხელშეწყობა,სასოფლო-სამეურნეო ტექნიკის სესხისა და ლიზინგის ვალდებულებების დაფარვა,2015-01-01,"461,864","2,157,894",
yes,no,bf62647ac94649d5e58624914affca1154c30219,916a6e1904cbab2ce87cdaaa81c0fe27148783eb,Program,37 01 19,37 01 11,მანდარინის (არასტანდარტული) მოსავლის რეალიზაციის ხელშეწყობის ღონისძიებები,მანდარინის (არასტანდარტულის) მოსავლის რეალიზაციის ხელშეწყობის ღონისძიებები,2016-01-01,"365,652",,
yes,no,3ede608268eef3334460e6b8b88caaf6c48b0b6a,bee06c09a34db021825c3fe46dccc3fc98d92088,SpendingAgency,38 00,38 00,საქართველოს გარემოს დაცვის სამინისტრო,საქართველოს გარემოსა და ბუნებრივი რესურსების დაცვის სამინისტრო,2014-01-01,"1,559,696","3,047,258",
yes,no,876465be04848fddae7466b6b24df7757c0c753b,4d3b694e65debb068607ba116d861138c0e14958,Program,38 05,38 05,სანერგე მეურნეობის სისტემის ჩამოყალიბება და მართვა,ეროვნული სანაშენე მეურნეობის სისტემის ჩამოყალიბება და მართვა,2016-01-01,"43,644","54,497",
yes,no,709f76fc5a4c27d1085d299a6ff212d51eda9a01,49fe731804d2415620740bbb63e4b1a4f63e0de2,Program,38 06,38 06,გარემოსდაცვით ინფორმაციაზე ხელმისაწვდომობისა და გარემოსდაცვითი განათლების ხელშეწყობის პროგრამა,გარემოსდაცვითი ინფორმაციის ხელმისაწვდომობისა და გარემოსდაცვითი განათლების ხელშეწყობის პროგრამა,2015-07-01,"53,028","341,092","308,942"
yes,no,1797c9fdc76bac46b64650ba4ee091100edc8a55,b1074d9174910804de990dce3ace38819a6da215,Program,39 01,39 01,სპორტისა და ახალგაზრდობის საქმეთა სფეროების სახელმწიფო პოლიტიკის შემუშავება და მართვა,სპორტისა და ახალგაზრდობის საქმეთა სფეროებში სახელმწიფო პოლიტიკის შემუშავება და მართვა,2015-07-01,"1,038,729","2,415,697","6,002,659"
no,yes,216778d085cc5c67f613ae32b8571ae3fa107a15,ff777974eb624a283b10313be8526337e92e0f1b,Program,40 01,40 01,საქართველოს სახელმწიფო დაცვის სპეციალური სამსახური,დასაცავ პირთა და ობიექტთა უსაფრთხოების უზრუნველყოფა,2013-01-01,"25,294,470","3,849,670",
yes,yes,aa6e4af9c4270d91f4c2006665f3dc5deee96996,f4581994d289a11efc8981d193567b650a20ff63,SpendingAgency,43 00,43 00,სსიპ – კონკურენციისა და სახელმწიფო შესყიდვების სააგენტო,სსიპ – კონკურენციის სააგენტო,2015-01-01,"68,509","113,120",
yes,yes,4fd0b0ccc6f77f6cd289c7f15334458997ccfa19,bd955ed2d705b420395fa162946e8a44bf14cbae,SpendingAgency,44 00,44 00,სამხრეთ ოსეთის ადმინისტრაცია,ყოფილი სამხრეთ ოსეთის ავტონომიური ოლქის ტერიტორიაზე დროებითი ადმინისტრაციულ-ტერიტორიული ერთეულის ადმინისტრაცია - სამხრეთ ოსეთის ადმინისტრაცია,2016-01-01,"391,047","349,901",
yes,no,c50d720edf5a9f6cf03eda90b14c14f64aa29c99,14b4d86683efaf17eaa1351397e80369f40a7e97,Program,45 01,45 01,სასულიერო განათლების ხელშეწყობის გრანტი,სასულიერო განათლების და ხელშეწყობის გრანტი,2012-01-01,"1,244,999",,
yes,no,03365ec85bd36b6dbeb28bf5b0110c80fab00fcf,928e623e1d46ce096ef1699098aa01642b505a00,Program,45 02,45 02,საქართველოს საპატრიარქოს წმინდა სიმონ კანანელის სახელობის სასულიერო სწავლების ცენტრისათვის გადასაცემი გრანტი,ა ა იპ საქართველოს საპატრიარქოს წმიდა სვიმონ კანანელის სახელობის სასულიერო სწავლების ცენტრი,2014-01-01,"97,849","19,965",
yes,no,648865f19d9f8305098e58bed6c12fd6f92485f2,7e3581922e52d0a5016df7b3e7621a6320d4d04b,Program,45 05,45 05,საქართველოს საპატრიარქოს ბათუმის წმინდა მოწამე ეკატერინეს სახელობის სათნოების სავანისათვის გადასაცემი გრანტი,საქართველოს საპატრიარქოს ბათუმის წმიდა მოწამე ეკატერინეს სახელობის სათნოების სავანისათვის გადასაცემი გრანტი,2015-01-01,"22,058",,
yes,no,a518198ef17b44d078ea5e79adb8091899a66c0a,a550395bf5d67d66595eeb12cc1f22a7bd208f92,Program,45 06,45 06,საქართველოს საპატრიარქოს წმინდა ანდრია პირველწოდებულის სახელობის სასულიერო სწავლების ცენტრისათვის გადასაცემი გრანტი,საქართველოს საპატრიარქოს წმიდა ანდრია პირველწოდებულის სახელობის სასულიერო სწავლების ცენტრისათვის გადასაცემი გრანტი,2015-01-01,"41,826",,
yes,no,3aa89ef36faf763e0cd5b41ea3c0ecb1cb83e955,05e573513ad8ea347a3e95ac0900013e66b5bbd4,Program,45 08,45 08,საქართველოს საპატრიარქოს წმინდა ანდრია პირველწოდებულის სახელობის ქართული უნივერსიტეტისათვის გადასაცემი გრანტი,საქართველოს საპატრიარქოს წმიდა ანდრია პირველწოდებულის სახელობის ქართული უნივერსიტეტისათვის გადასაცემი გრანტი,2015-01-01,"128,820",,
yes,no,3dbcb20e3e141c8c03265b9f694b3d984f02dfbb,0a42343203a55ff607e59abf6952eb23f88952d9,Program,45 09,45 09,საქართველოს საპატრიარქოს ა(ა)იპ – ტბელ აბუსერისძის სახელობის უნივერსიტეტისათვის გადასაცემი გრანტი,ა(ა)იპ – საქართველოს საპატრიარქოს ტბელ აბუსერისძის სახელობის უნივერსიტეტისათვის გადასაცემი გრანტი,2015-01-01,"164,079",,
yes,no,da0bad811446731a52f3b7aac3e821dcb4d380db,4d913481dd80e14a470208e7e3921a903564e77a,Program,45 10,45 10,ა(ა)იპ – სმენადაქვეითებულ ბავშვთა რეაბილიტაციის და ადაპტაციის ცენტრისათვის გადასაცემი გრანტი,ა(ა)იპ – სმენადაქვეითებულ ბავშვთა რეაბილიტაციისა და ადაპტაციის ცენტრისათვის გადასაცემი გრანტი,2012-01-01,"8,622",,
yes,no,cd0207678c3903c93e849dca355b052ebb079b57,e33e09736e144aa73cd9a2c5a50c4310956edf44,Program,45 12,45 12,ა(ა)იპ – ახალქალაქისა და კუმურდოს ეპარქიის სასწავლო ცენტრისთვის გადასაცემი გრანტი,ა(ა)იპ – ახალქალაქისა და კუმურდოს ეპარქიის სასწავლო ცენტრისათვის გადასაცემი გრანტი,2012-01-01,"43,624",,
yes,no,bb573c1b4a34848dadf96603642a24d458a5b47e,facdac1f41e87138e608d31d67aeb7a4fb9e15b7,Program,45 13,45 13,ა ა იპ ფოთის საგანმანათლებლო და კულტურულ გამაჯანსაღებელი ცენტრი,ა(ა)იპ − ფოთის საგანმანათლებლო და კულტურულ-გამაჯანსაღებელი ცენტრი,2013-01-01,"60,879",,
no,no,b5c96520697b9e58e290553c01caa8e33b2b4fd8,1c8129f4ecc449229ac89dc76e57a3c4dc1081f1,SpendingAgency,48 00,48 00,ა ა იპ - რიჩარდ გ ლუგარის საზოგადოებრივი ჯანმრთელობის კვლევითი ცენტრი,სსიპ საქართველოს დაზღვევის სახელმწიფო ზედამხედველობის სამსახური,2014-01-01,"45,895",,
yes,no,b5c96520697b9e58e290553c01caa8e33b2b4fd8,72e7ea252a55c920bc450792139218b127871950,SpendingAgency,48 00,48 00,ა ა იპ – რიჩარდ გ ლუგარის საზოგადოებრივი ჯანმრთელობის კვლევითი ცენტრი,ა(ა)იპ – რიჩარდ გ. ლუგარის საზოგადოებრივი ჯანმრთელობის კვლევითი ცენტრი,2013-01-01,"45,895","104,148",
yes,no,72e7ea252a55c920bc450792139218b127871950,223eef5d5d2526cce7d1a4db5fe027f3b31b6d7a,SpendingAgency,48 00,48 00,სსიპ საქართველოს დაზღვევის სახელმწიფო ზედამხედველობის სამსახური,სსიპ − საქართველოს დაზღვევის სახელმწიფო ზედამხედველობის სამსახური,2014-01-01,"104,148",,
yes,no,ff5ac1fc69028de2789d634e4a4ab2bee110487f,7501b3b227ae21ffb85265aee91c49b5b8b0af97,Program,49 14 12,51 11 09,ათასწლეულის გამოწვევა საქართველოს მეორე პროექტი (MCC),ათასწლეულის გამოწვევა საქართველოს − მეორე პროექტი (MCC),2013-01-01,"371,976",,
yes,no,4f8ac6c34ff00b5c53ce216255ddcb26eab489b4,e093c7f03663c3cbecc777ec25e3f7e323be0d1d,SpendingAgency,50 00,50 00,სსიპ საჯარო სამსახურის ბიურო,სსიპ − საჯარო სამსახურის ბიურო,2013-01-01,"69,138",,
yes,no,18d60f662c6a9678251b4afbb71cb4cffabedcef,267193e421e1ab6271247d1c867d4a927458f87d,SpendingAgency,51 00,49 00,სსიპ საქართველოს ეროვნული საინვესტიციო სააგენტო,სსიპ − საქართველოს ეროვნული საინვესტიციო სააგენტო,2013-01-01,"733,659",,
yes,no,837f3256fa942310949a6aac55ec41870fa0e3b8,88915c62d3329468ca6a262271a4a7918968302b,Program,51 11 05,51 11 05,ბათუმში კომუნალური ინფრასტრუქტურის დაწესებულებათა რეაბილიტაცია (III ფაზა) (KfW),"ბათუმში კომუნალური ინფრასტრუქტურის დაწესებულებათა რეაბილიტაცია (III ფაზა (EU,KfW)",2013-07-01,"414,609","542,452","2,280,745"
yes,no,a0c32c07c45b6e8ebf787d3444c0ae19a17ed959,79306d542b9609df8e71e9cb5ac5c2ac0fa3986f,Program,51 11 08,51 11 08,გოდერძის ხეობაში სათხილამურო საბაგიროების მოწყობა (UniCredit Bank Austria AG),გოდერძის ხეობაში სათხილამურო საბაგიროების მოწყობა (Unicredit Bank),2013-07-01,"2,699,491","3,317,036",
yes,no,642cd95861620088873a98fa3913ca5b33e4ad5e,542e10dd664db0b0714be46774390f4b621f1713,SpendingAgency,52 00,52 00,სავაჭრო სამრეწველო პალატა,საქართველოს სავაჭრო-სამრეწველო პალატა,2015-01-01,"304,658","137,694",
yes,no,b98eac01c22a19ddd29b35afb67e7cd8e1ff4c8b,7a7758b1f780d0953d10042ecea651580386fadd,Program,58 11,62 11,საერთაშორისო ორგანიზაციებთან არსებული ხელშეკრულებების ფარგლებში ქართული მხარის ვალდებულებების დაფარვა,საერთაშორისო ორგანიზაციებთან არსებული ხელშეკრულებების ფარგლებში ქართული მხარის მიერ ნაკისრი ვალდებულებების დაფარვა,2016-01-01,"264,840",,
yes,no,e22758fe56f9d7826ead5071c1f5e790f94b71b8,f6ec2d05420e0316ae7fb4db57efbb35e92b3578,SpendingAgency,60 00,60 00,სახელმწიფო უსაფრთხოების სამსახური,საქართველოს სახელმწიფო უსაფრთხოების სამსახური,2016-01-01,"12,458,279","8,486,185",
yes,no,908327a081bda646bd4d7ff8f3b8d713ea84b15b,33b13790a8de73a7bd3996fb6dbb92cce6c156d3,SpendingAgency,11 00,11 00,"სახელმწიფო რწმუნებულის – გუბერნატორის ადმინისტრაცია აბაშის, ზუგდიდის, მარტვილის, მესტიის, სენაკის, ჩხოროწყუს, წალენჯიხის, ხობის მუნიციპალიტეტებში, ქალაქ ფოთისა და ქალაქ ზუგდიდის მუნიციპალიტეტებში","სახელმწიფო რწმუნებულის - გუბერნატორის ადმინისტრაცია აბაშის, ზუგდიდის, მარტვილის, მესტიის, სენაკის, ჩხოროწყუს, წალენჯიხის, ხობის მუნიციპალიტეტებსა და ქალაქ ფოთსა და ქალაქ ზუგდიდის მუნიციპალიტეტებში",2016-01-01,"92,948","64,822",
yes,yes,ea6fca47f5cbc291d873de414c5e38ea61be15a5,9a17b211e51b9f5a08d3bf732183caaaee97d68e,Program,24 06,24 06,"საქართველოს მიერ საერთაშორისო ხელშეკრულებებით ნაკისრი ვალდებულებების ფარგლებში საქართველოს აეროპორტებში საჰაერო ხომალდების აფრენა-დაფრენისათვის საჭირო მომსახურების ხარჯების ანაზღაურება (მათ შორის, წინა წლებში წარმოქმნილი დავალიანებების დაფარვა)","საქართველოს მიერ საერთაშორისო ხელშეკრულებებით ნაკისრი ვალდებულებების ფარგლებში საქართველოს აეროპორტებში ""გათავისუფლებული ფრენების"" მომსახურების ხარჯების ანაზღაურება (მათ შორის, წინა წლებში წარმოქმნილი დავალიანებების დაფარვა)",2015-01-01,"315,093","194,607",
yes,yes,afc0aafd49bb6c84707af9f54a39b3e3a4b2da8f,e874ee88f59aaa8d950dc2987cf099505413eeea,Program,30 03,30 03,სამართალდამცავი სტრუქტურებისათვის მაღალკვალიფიციური კადრების მომზადება-გადამზადება და სასწავლო პროცესის ხელშეწყობა,"სამართალდამცავი სრუქტურებისათვის მაღალკვალიფიციური კადრების მომზადება, გადამზადება, საარქივო ფონდების დიგიტალიზაცია, სამეცნიერო - კვლევითი საქმიანობა და მოქალაქეთა მომსახურება",2016-01-01,"511,443","533,851",
yes,no,b37d047031780ffacb1830438af06a0876407dd1,9a545698e8d510b9ccb3481b06aa2bfccb35f8c9,Program,30 04,30 04,შინაგან საქმეთა სამინისტროს სისიტემის მოსამსახურეთა ჯანმრთელობის დაცვის მომსახურებით უზრუნველყოფა,საქართველოს შინაგან საქმეთა სამინისტროს სისტემის მოსამსახურეთა ჯანმრთელობის დაცვის მომსახურებით უზრუნველყოფა,2013-01-01,"274,733","419,999",
yes,no,2318eb86ce7f6a977360e3eb2a1db0bcf25605c7,67b972f77919f70d1788a9124c764120741251f5,Program,33 02,33 02,ხელოვნების დარგების განვითარების ხელშეწყობა და პოპულარიზაცია საქართველოში და მისი ფარგლებს გარეთ,ხელოვნების დარგების განვითარების ხელშეწყობა და პოპულარიზაცია საქართველოში და მის ფარგლებს გარეთ,2013-01-01,"4,702,956","5,196,217",
yes,yes,0b6361f6c5c99b1cede5fba304f6c3c60991ce2b,418eb29272ab26d95f5591648182a7d0f49b20fa,Program,36 01 01,36 01 01,ენერგეტიკის სამინისტროს აპარატი,ენერგეტიკის სფეროში პოლიტიკის გატარება,2015-01-01,"2,401,525","604,082",
yes,yes,82ab3ade81a78f078ce954b1b1766d4cf35873b1,223eef5d5d2526cce7d1a4db5fe027f3b31b6d7a,SpendingAgency,48 00,48 00,ა ა იპ – საზოგადოებრივი ჯანდაცვის ცენტრალური რეფერალური ლაბორატორია,ა ა იპ - რიჩარდ გ ლუგარის საზოგადოებრივი ჯანმრთელობის კვლევითი ცენტრი,2013-01-01,"86,437","89,722",
yes,yes,ab3d36940f6179a9a0a60a1c401e8f927adc2749,e093c7f03663c3cbecc777ec25e3f7e323be0d1d,SpendingAgency,50 00,50 00,დასაქმების საკითხებში საქართველოს სახელმწიფო მინისტრის აპარატი,სსიპ საჯარო სამსახურის ბიურო,2013-01-01,"117,823","70,096",